"城市范围","检索日期","视频标题","BV号","视频链接","发布日期","播放量","评论数","创作者","创作者UID","粉丝数","粉丝核验日","门槛结论","发现来源"
"无锡市","2026-07-21","打卡无锡美食博主的新店~","BV1DHKy6tEwx","https://www.bilibili.com/video/BV1DHKy6tEwx/","2026-07-20","218","0","宋叉叉sean","31384613","4","2026-07-21","不通过：低于10万","B站内置浏览器：无锡 美食 探店／无锡 小吃"
"无锡市","2026-07-21","又遇麻辣烫刺客！小笼包、开洋馄饨，逛吃无锡网红市场 @街头小小小霸王","BV1ugKm6YEK8","https://www.bilibili.com/video/BV1ugKm6YEK8/","2026-07-20","6555","51","爱学习的好王野","11263788","96805","2026-07-21","不通过：低于10万","B站内置浏览器：无锡 美食 探店／无锡 小吃"
"无锡市","2026-07-21","擂茶在无锡和馄饨咖啡混搭？","BV1XYKr6pEDT","https://www.bilibili.com/video/BV1XYKr6pEDT/","2026-07-20","2871","15","二少爷的拍拍拍","1604051466","3366","2026-07-21","不通过：低于10万","B站内置浏览器：无锡 美食 探店／无锡 小吃"
"无锡市","2026-07-21","时隔5年又来无锡这家老面馆，此情此景早已物是人非，吃的还是那个老味道！","BV1xpKK6VEJa","https://www.bilibili.com/video/BV1xpKK6VEJa/","2026-07-19","3522","10","秦大浪vlog","1238201958","20145","2026-07-21","不通过：低于10万","B站内置浏览器：无锡 美食 探店／无锡 小吃"
"无锡市","2026-07-21","山东夫妻俩在无锡开饭店，食材都从老家运口味地道，200元吃这么多您看如何？","BV1wjKn6yEdw","https://www.bilibili.com/video/BV1wjKn6yEdw/","2026-07-17","6200","21","秦大浪vlog","1238201958","20145","2026-07-21","不通过：低于10万","B站内置浏览器：无锡 美食 探店／无锡 小吃"
"无锡市","2026-07-21","隋坡力荐的无锡争议饭店，土著来讲一讲真心话｜无锡美食｜无锡探店｜胖妹饭店","BV1kvKg6DEqm","https://www.bilibili.com/video/BV1kvKg6DEqm/","2026-07-16","8162","22","Local老王","3546984065534514","341","2026-07-21","不通过：低于10万","B站内置浏览器：无锡 美食 探店／无锡 小吃"
"无锡市","2026-07-21","二刷无锡这家老面馆，几年没来环境好了菜品琳琅满目，47元几个浇头一碗面吃得饱！","BV1q9KG6jEcG","https://www.bilibili.com/video/BV1q9KG6jEcG/","2026-07-16","4763","7","秦大浪vlog","1238201958","20145","2026-07-21","不通过：低于10万","B站内置浏览器：无锡 美食 探店／无锡 小吃"
"无锡市","2026-07-21","无锡巨无霸二郎拉面到底谁能吃完大嘴也不行","BV1vjKG6rEGW","https://www.bilibili.com/video/BV1vjKG6rEGW/","2026-07-16","4194","14","贪吃小阿姨","1057793578","15568","2026-07-21","不通过：低于10万","B站内置浏览器：无锡 美食 探店／无锡 小吃"
"无锡市","2026-07-21","无锡146元一人的美式烤肉自助，牛肋排、牛前胸、猪肋排不限量","BV1WrK56AEKj","https://www.bilibili.com/video/BV1WrK56AEKj/","2026-07-16","122260","338","爱吃自助的橙子","511018038","172436","2026-07-21","通过：≥10万","B站内置浏览器：无锡 美食 探店／无锡 小吃"
"无锡市","2026-07-21","无锡我反复吃了十来次的宝藏食堂暑假来尝尝","BV1ZxNq6mEr1","https://www.bilibili.com/video/BV1ZxNq6mEr1/","2026-07-15","4821","196","贪吃小阿姨","1057793578","15568","2026-07-21","不通过：低于10万","B站内置浏览器：无锡 美食 探店／无锡 小吃"
"无锡市","2026-07-21","无锡老城区苍蝇馆子，100元不到吃五个菜","BV1sgN26DEEs","https://www.bilibili.com/video/BV1sgN26DEEs/","2026-07-13","119","0","wuxitv","295219084","28","2026-07-21","不通过：低于10万","B站内置浏览器：无锡 美食 探店／无锡 小吃"
"无锡市","2026-07-21","无锡69元齐齐哈尔烤肉自助! 十几种原切牛肉不限量!","BV1F8Nu6GEo3","https://www.bilibili.com/video/BV1F8Nu6GEo3/","2026-07-12","14383","39","大韩同学呀","1739612939","140975","2026-07-21","通过：≥10万","B站内置浏览器：无锡 美食 探店／无锡 小吃"
"无锡市","2026-07-21","无锡｜闽南味的优雅小馆","BV1NUNW6xEbo","https://www.bilibili.com/video/BV1NUNW6xEbo/","2026-07-11","1229","8","玉兰饼吃什么vlog","3546818132576366","1369","2026-07-21","不通过：低于10万","B站内置浏览器：无锡 美食 探店／无锡 小吃"
"无锡市","2026-07-21","无锡新店！尝一口精致烤肉","BV1SgNn69EaP","https://www.bilibili.com/video/BV1SgNn69EaP/","2026-07-10","405","0","啊呜一口桃子rua","16301119","2","2026-07-21","不通过：低于10万","B站内置浏览器：无锡 美食 探店／无锡 小吃"
"无锡市","2026-07-21","无锡菜真的都是甜的吗？","BV1Z9NJ6vEPS","https://www.bilibili.com/video/BV1Z9NJ6vEPS/","2026-07-10","989164","1869","_张天琪","108331200","2155943","2026-07-21","通过：≥10万","B站内置浏览器：无锡 美食 探店／无锡 小吃"
"无锡市","2026-07-21","无锡土著带路的爽吃攻略，2天打卡20家店！ 这份本地人带路的美食合集请收好~ 无锡可不止有甜的，各种烟火气的美食很丰富，我真的不想离开无锡了~","BV1qyM36nEy3","https://www.bilibili.com/video/BV1qyM36nEy3/","2026-07-09","2508","13","哦一西cc","26453110","166","2026-07-21","不通过：低于10万","B站内置浏览器：无锡 美食 探店／无锡 小吃"
"无锡市","2026-07-21","无锡这家8年的小面馆，门头和店里的感觉截然不同，白汤面配面筋百叶包吃美了！","BV1fmMi6sE2X","https://www.bilibili.com/video/BV1fmMi6sE2X/","2026-07-08","6563","32","秦大浪vlog","1238201958","20145","2026-07-21","不通过：低于10万","B站内置浏览器：无锡 美食 探店／无锡 小吃"
"无锡市","2026-07-21","隋坡好评的无锡网红蒸菜馆！土著实测狂踩雷｜无锡美食｜无锡探店｜惠山古镇｜万象城｜堰桥工业园｜耀兴饭店","BV1VcMt6RE7J","https://www.bilibili.com/video/BV1VcMt6RE7J/","2026-07-07","3426","28","Local老王","3546984065534514","341","2026-07-21","不通过：低于10万","B站内置浏览器：无锡 美食 探店／无锡 小吃"
"无锡市","2026-07-21","无锡还有什么美食推荐的？","BV115TQ6gEMB","https://www.bilibili.com/video/BV115TQ6gEMB/","2026-07-06","184","0","爱艺术的轻松老头","3546645635533167","655","2026-07-21","不通过：低于10万","B站内置浏览器：无锡 美食 探店／无锡 小吃"
"无锡市","2026-07-21","无锡119元一人的熟成烤肉自助，武代，4款熟成肉、原切牛肉不限量","BV1PtMF6YECD","https://www.bilibili.com/video/BV1PtMF6YECD/","2026-07-04","23450","119","爱吃自助的橙子","511018038","172436","2026-07-21","通过：≥10万","B站内置浏览器：无锡 美食 探店／无锡 小吃"
"无锡市","2026-07-21","外地人真的做不出无锡口味的菜吗？今天来西漳这家小店吃个宵夜，咱边吃边聊！","BV1tmMc6BEYp","https://www.bilibili.com/video/BV1tmMc6BEYp/","2026-07-04","5055","17","秦大浪vlog","1238201958","20145","2026-07-21","不通过：低于10万","B站内置浏览器：无锡 美食 探店／无锡 小吃"
"无锡市","2026-07-21","拜见无锡菌子鸡汤大王又到了吃云南菌子季节","BV17KTt6tE2d","https://www.bilibili.com/video/BV17KTt6tE2d/","2026-07-03","2689","9","贪吃小阿姨","1057793578","15568","2026-07-21","不通过：低于10万","B站内置浏览器：无锡 美食 探店／无锡 小吃"
"无锡市","2026-07-21","无锡玉祁礼社非遗面馆，喜面套餐28一份好吃不贵，白汤的鲜美堪比我老家那碗面！","BV1qUTj6FEmP","https://www.bilibili.com/video/BV1qUTj6FEmP/","2026-07-02","9376","20","秦大浪vlog","1238201958","20145","2026-07-21","不通过：低于10万","B站内置浏览器：无锡 美食 探店／无锡 小吃"
"无锡市","2026-07-21","无锡万象城向北～吃吃","BV1e2Tc6LEbR","https://www.bilibili.com/video/BV1e2Tc6LEbR/","2026-07-01","32","0","好没趣味-","2105839459","1","2026-07-21","不通过：低于10万","B站内置浏览器：无锡 美食 探店／无锡 小吃"
"无锡市","2026-07-21","想吃地道的无锡口味家常菜？太湖广场这家店值得一去，菜饭配红烧肉就是香！","BV1cd736jE51","https://www.bilibili.com/video/BV1cd736jE51/","2026-06-26","4431","32","秦大浪vlog","1238201958","20145","2026-07-21","不通过：低于10万","B站内置浏览器：无锡 美食 探店／无锡 小吃"
"无锡市","2026-07-21","无锡三凤桥酱排骨，江苏省非遗美食，中华老字号","BV1G77x6BE3Y","https://www.bilibili.com/video/BV1G77x6BE3Y/","2026-06-25","12092","23","二少爷的拍拍拍","1604051466","3366","2026-07-21","不通过：低于10万","B站内置浏览器：无锡 美食 探店／无锡 小吃"
"无锡市","2026-07-21","无锡美食系列","BV184jy6nEmU","https://www.bilibili.com/video/BV184jy6nEmU/","2026-06-23","48","0","92255224364_bili","388672792","0","2026-07-21","不通过：低于10万","B站内置浏览器：无锡 美食 探店／无锡 小吃"
"无锡市","2026-07-21","在惠山古镇吃无锡菜是每个日本人的梦想","BV1axj26fED7","https://www.bilibili.com/video/BV1axj26fED7/","2026-06-23","21031","223","大翔五","3546750400859084","135721","2026-07-21","通过：≥10万","B站内置浏览器：无锡 美食 探店／无锡 小吃"
"无锡市","2026-07-21","都知道无锡小笼包好吃，南京这个老板居然不服气？带着包子咱们去踢个馆！","BV1KHjm6HEJG","https://www.bilibili.com/video/BV1KHjm6HEJG/","2026-06-23","17009","106","秦大浪vlog","1238201958","20145","2026-07-21","不通过：低于10万","B站内置浏览器：无锡 美食 探店／无锡 小吃"
"无锡市","2026-07-21","带妹妹在无锡爽吃三天，每一款都吃到心巴上～","BV1GEjh6JEqu","https://www.bilibili.com/video/BV1GEjh6JEqu/","2026-06-21","7709","6","皮蛋蛋ya","3546711188310050","3818","2026-07-21","不通过：低于10万","B站内置浏览器：无锡 美食 探店／无锡 小吃"
"无锡市","2026-07-21","谢谢大家推荐的无锡美食 ！！.","BV1d9jH6YEJu","https://www.bilibili.com/video/BV1d9jH6YEJu/","2026-06-20","5497","19","LOU的生活日记","743110","32045","2026-07-21","不通过：低于10万","B站内置浏览器：无锡 美食 探店／无锡 小吃"
"无锡市","2026-07-21","吐血整理：60 秒看完无锡万象城西区美食","BV1pWji6nE7C","https://www.bilibili.com/video/BV1pWji6nE7C/","2026-06-19","7253","14","李一千的哈姆雷特","125187840","1029","2026-07-21","不通过：低于10万","B站内置浏览器：无锡 美食 探店／无锡 小吃"
"无锡市","2026-07-21","无锡，新晋平价烤肉！","BV1LAJw6mEe5","https://www.bilibili.com/video/BV1LAJw6mEe5/","2026-06-14","2960","13","玉兰饼吃什么vlog","3546818132576366","1369","2026-07-21","不通过：低于10万","B站内置浏览器：无锡 美食 探店／无锡 小吃"
"无锡市","2026-07-21","只卖4款小吃，全网博主都漏掉的无锡老居民社区15年小吃老店，还是小时候味道|无锡探店|无锡美食|锅贴|酸辣汤|明将锅贴|无锡美食探店|惠山古镇|南长街|崇安寺","BV1g5Et6GEgc","https://www.bilibili.com/video/BV1g5Et6GEgc/","2026-06-07","5805","81","吃吃花头劲","360679770","10719","2026-07-21","不通过：低于10万","B站内置浏览器：无锡 美食 探店／无锡 小吃"
"无锡市","2026-07-21","大博主推荐的无锡景区老菜馆，真实评测，味道怎么样？！｜无锡美食｜无锡探店｜二泉园老菜馆｜无锡本帮菜｜惠山古镇｜寄畅园","BV1trVu6VEyg","https://www.bilibili.com/video/BV1trVu6VEyg/","2026-05-30","5153","9","Local老王","3546984065534514","341","2026-07-21","不通过：低于10万","B站内置浏览器：无锡 美食 探店／无锡 小吃"
"无锡市","2026-07-21","没想到吧，无锡的烤鸭是这么吃的，揭秘局","BV153L164Eyo","https://www.bilibili.com/video/BV153L164Eyo/","2026-05-20","6539","56","二少爷的拍拍拍","1604051466","3366","2026-07-21","不通过：低于10万","B站内置浏览器：无锡 美食 探店／无锡 小吃"
"无锡市","2026-07-21","都2026年了，在无锡140元还能吃这么一大桌本帮菜？量大口味也实惠！","BV1iJLM6xEC5","https://www.bilibili.com/video/BV1iJLM6xEC5/","2026-05-19","12488","31","秦大浪vlog","1238201958","20145","2026-07-21","不通过：低于10万","B站内置浏览器：无锡 美食 探店／无锡 小吃"
"无锡市","2026-07-21","想吃地道的无锡本帮面？这家老面馆您来试试，拌面配几个浇头就是那个味儿！","BV1Ty5L6bEcs","https://www.bilibili.com/video/BV1Ty5L6bEcs/","2026-05-11","19883","62","秦大浪vlog","1238201958","20145","2026-07-21","不通过：低于10万","B站内置浏览器：无锡 美食 探店／无锡 小吃"
"无锡市","2026-07-21","这家老底子蒸菜馆可以说是无锡顶流","BV18odgBnEpN","https://www.bilibili.com/video/BV18odgBnEpN/","2026-05-08","15583","82","二少爷的拍拍拍","1604051466","3366","2026-07-21","不通过：低于10万","B站内置浏览器：无锡 美食 探店／无锡 小吃"
"无锡市","2026-07-21","在无锡，66元就可以吃到和牛寿喜锅自助？包含锅底，超高性价比","BV1WHzxBrEnE","https://www.bilibili.com/video/BV1WHzxBrEnE/","2026-04-23","17314","49","舍梵","8529170","4900","2026-07-21","不通过：低于10万","B站内置浏览器：无锡 美食 探店／无锡 小吃"
"无锡市","2026-07-21","一口气吃遍无锡3家百年老字号！小笼、馄饨、梅花糕全安排！本地人排队都要吃的味道","BV1xBdCBrE1h","https://www.bilibili.com/video/BV1xBdCBrE1h/","2026-04-21","18174","38","海上心声","1046184630","20468","2026-07-21","不通过：低于10万","B站内置浏览器：无锡 美食 探店／无锡 小吃"
"无锡市","2026-07-21","勇哥来无锡高低要安排一顿，这家老蒸菜馆口味地道，几个菜一碗面相当惬意！","BV1c1QvBcETv","https://www.bilibili.com/video/BV1c1QvBcETv/","2026-04-14","6185","17","秦大浪vlog","1238201958","20145","2026-07-21","不通过：低于10万","B站内置浏览器：无锡 美食 探店／无锡 小吃"
"无锡市","2026-07-21","无锡菜市场美食地图！盛岸VS稻香，谁更值得冲？","BV1tdQ4BnEEJ","https://www.bilibili.com/video/BV1tdQ4BnEEJ/","2026-04-13","78678","150","马克干饭日志","1936128271","89576","2026-07-21","不通过：低于10万","B站内置浏览器：无锡 美食 探店／无锡 小吃"
"无锡市","2026-07-21","无锡必吃非遗玉兰饼10家老字号路线","BV1MnD1BNEFp","https://www.bilibili.com/video/BV1MnD1BNEFp/","2026-04-11","172","0","90天环游世界","413782972","11","2026-07-21","不通过：低于10万","B站内置浏览器：无锡 美食 探店／无锡 小吃"
"无锡市","2026-07-21","无锡这家老字号本帮面饭馆，人气依然那么火爆，今天这么多浇头吃拌面太痛快啦！","BV1phQMBREXQ","https://www.bilibili.com/video/BV1phQMBREXQ/","2026-04-11","10986","19","秦大浪vlog","1238201958","20145","2026-07-21","不通过：低于10万","B站内置浏览器：无锡 美食 探店／无锡 小吃"
"无锡市","2026-07-21","谁说无锡菜只有甜？这家地道老店本地人扎堆！","BV19M9uBjEg7","https://www.bilibili.com/video/BV19M9uBjEg7/","2026-04-05","52097","150","马克干饭日志","1936128271","89576","2026-07-21","不通过：低于10万","B站内置浏览器：无锡 美食 探店／无锡 小吃"
"无锡市","2026-07-21","无锡这家台湾小馆，争议竟然这么大？","BV1f397BjE1f","https://www.bilibili.com/video/BV1f397BjE1f/","2026-04-01","53620","241","爱学习的好王野","11263788","96805","2026-07-21","不通过：低于10万","B站内置浏览器：无锡 美食 探店／无锡 小吃"
"无锡市","2026-07-21","吃遍全国之无锡！吃面真加糖？无锡美食太太好吃啦！","BV1mX9jB8EQT","https://www.bilibili.com/video/BV1mX9jB8EQT/","2026-04-01","16445","109","陈栋梁Jacko","354314910","37255","2026-07-21","不通过：低于10万","B站内置浏览器：无锡 美食 探店／无锡 小吃"
"无锡市","2026-07-21","在无锡48小时极限打卡18家店30多种美食~","BV12HXABJEuM","https://www.bilibili.com/video/BV12HXABJEuM/","2026-03-27","3709","8","哦一西cc","26453110","166","2026-07-21","不通过：低于10万","B站内置浏览器：无锡 美食 探店／无锡 小吃"
"无锡市","2026-07-21","花140在无锡爽吃美式烤肉！三种肉类还挺好，其他餐品有槽点","BV1GgXNBiESt","https://www.bilibili.com/video/BV1GgXNBiESt/","2026-03-27","1734124","2693","橙飞一下","8263502","2482566","2026-07-21","通过：≥10万","B站内置浏览器：无锡 美食 探店／无锡 小吃"
"无锡市","2026-07-21","在无锡挖到宝藏夜宵小店！超绝大油边香拽了","BV1EcQdBDECB","https://www.bilibili.com/video/BV1EcQdBDECB/","2026-03-26","18097","89","敢敢LETSGO","1965233","64302","2026-07-21","不通过：低于10万","B站内置浏览器：无锡 美食 探店／无锡 小吃"
"无锡市","2026-07-21","没招牌、没价格！无锡超难找的小饭店，生意为何这么火爆？","BV1miXpBrE9e","https://www.bilibili.com/video/BV1miXpBrE9e/","2026-03-26","55237","90","爱学习的好王野","11263788","96805","2026-07-21","不通过：低于10万","B站内置浏览器：无锡 美食 探店／无锡 小吃"
"无锡市","2026-07-21","中国“最甜的城市” 果然名不虚传！！3天吃遍29家特色美食，还看到了无锡春日限定的樱花橘子海红嘴鸥！在无锡生活也太幸福了吧！","BV1A4QSB6EcW","https://www.bilibili.com/video/BV1A4QSB6EcW/","2026-03-25","62845","213","宥宥不会喝酒","441585684","35022","2026-07-21","不通过：低于10万","B站内置浏览器：无锡 美食 探店／无锡 小吃"
"无锡市","2026-07-21","第一次来无锡吃什么？看这条视频就够了！","BV1Y2w4zXE7R","https://www.bilibili.com/video/BV1Y2w4zXE7R/","2026-03-14","1460","10","碳水cp","3546847815665831","1119","2026-07-21","不通过：低于10万","B站内置浏览器：无锡 美食 探店／无锡 小吃"
"无锡市","2026-07-21","无锡开了三十几年的小吃店","BV1CnNuztEWb","https://www.bilibili.com/video/BV1CnNuztEWb/","2026-03-11","15627","73","光光吃光光","92369392","14344","2026-07-21","不通过：低于10万","B站内置浏览器：无锡 美食 探店／无锡 小吃"
"无锡市","2026-07-21","无锡！！PUNCH HOUSE！美式·烤肉！","BV1DScXzXEHM","https://www.bilibili.com/video/BV1DScXzXEHM/","2026-03-10","4651","26","奇獠melody","278028401","1751","2026-07-21","不通过：低于10万","B站内置浏览器：无锡 美食 探店／无锡 小吃"
"无锡市","2026-07-21","在无锡你吹什么牛都可以。但千万别说吃过这家店！！","BV1BKcPzZEg2","https://www.bilibili.com/video/BV1BKcPzZEg2/","2026-02-09","7041","25","哈来腔女士","1996921331","1770","2026-07-21","不通过：低于10万","B站内置浏览器：无锡 美食 探店／无锡 小吃"
"无锡市","2026-07-21","十五元可以吃撑，无锡最有烟火气的社区食堂","BV16BrHBwEpp","https://www.bilibili.com/video/BV16BrHBwEpp/","2026-01-14","7708","36","二少爷的拍拍拍","1604051466","3366","2026-07-21","不通过：低于10万","B站内置浏览器：无锡 美食 探店／无锡 小吃"
"无锡市","2026-07-21","无锡小笼 宣判封顶","BV1oP6mB4EuX","https://www.bilibili.com/video/BV1oP6mB4EuX/","2026-01-10","1558343","679","达哥在上海","504799975","1048543","2026-07-21","通过：≥10万","B站内置浏览器：无锡 美食 探店／无锡 小吃"
"无锡市","2026-07-21","如果你来无锡   我肯定不会带你去收费景点    无锡太多免费美丽公园了  还有一家深藏在运河艺术公园名叫包子馆人均一百多的真实力派老店 高档场所大众消费","BV1nhiCBmE4m","https://www.bilibili.com/video/BV1nhiCBmE4m/","2026-01-08","6205","25","哈来腔女士","1996921331","1770","2026-07-21","不通过：低于10万","B站内置浏览器：无锡 美食 探店／无锡 小吃"
"无锡市","2026-07-21","无锡老饕私藏的烧鸟食堂❗️品质性价比超高","BV1LfqZBUEcg","https://www.bilibili.com/video/BV1LfqZBUEcg/","2025-12-19","4443","36","社恐小潘潘","321248648","2533","2026-07-21","不通过：低于10万","B站内置浏览器：无锡 美食 探店／无锡 小吃"
"无锡市","2026-07-21","来无锡探一个十大苍蝇馆子之一","BV1YRmKBdEqg","https://www.bilibili.com/video/BV1YRmKBdEqg/","2025-12-11","10327","34","DK程大鑫","2055557955","1819","2026-07-21","不通过：低于10万","B站内置浏览器：无锡 美食 探店／无锡 小吃"
"无锡市","2026-07-21","无锡堰桥不起眼的小馆子，几个菜做得相当好吃，食材新鲜吃出家的味道！","BV1oyUHBkEwn","https://www.bilibili.com/video/BV1oyUHBkEwn/","2025-11-22","13229","15","秦大浪vlog","1238201958","20145","2026-07-21","不通过：低于10万","B站内置浏览器：无锡 美食 探店／无锡 小吃"
"无锡市","2026-07-21","无锡白糖拌面，超级好吃！！","BV1KbygBJELh","https://www.bilibili.com/video/BV1KbygBJELh/","2025-11-18","101138","187","大胖和软软","7956629","1207188","2026-07-21","通过：≥10万","B站内置浏览器：无锡 美食 探店／无锡 小吃"
"无锡市","2026-07-21","无锡菜真的只是甜吗？","BV1FAkCB8EHt","https://www.bilibili.com/video/BV1FAkCB8EHt/","2025-11-12","75499","372","老谢的饭局","1268419409","96168","2026-07-21","不通过：低于10万","B站内置浏览器：无锡 美食 探店／无锡 小吃"
"无锡市","2026-07-21","无锡最好吃的生煎馒头，就是很小的","BV1FAyYBiEnP","https://www.bilibili.com/video/BV1FAyYBiEnP/","2025-10-30","19295","129","二少爷的拍拍拍","1604051466","3366","2026-07-21","不通过：低于10万","B站内置浏览器：无锡 美食 探店／无锡 小吃"
"无锡市","2026-07-21","本想着水蜜桃能翻身做主 可惜了 去无锡找吃点梁溪脆鳝压压惊吧","BV1qMxPz9E7E","https://www.bilibili.com/video/BV1qMxPz9E7E/","2025-10-26","8134","29","食卿客","3546558861674904","2791","2026-07-21","不通过：低于10万","B站内置浏览器：无锡 美食 探店／无锡 小吃"
"无锡市","2026-07-21","有多少人吃过传统的无锡脆鳝？","BV1rjWpzVEvx","https://www.bilibili.com/video/BV1rjWpzVEvx/","2025-10-18","77468","114","厨者王波","3546728118618546","109092","2026-07-21","通过：≥10万","B站内置浏览器：无锡 美食 探店／无锡 小吃"
"无锡市","2026-07-21","无锡老字号 有些美食还是老的好！","BV11C4zz6E8e","https://www.bilibili.com/video/BV11C4zz6E8e/","2025-10-16","52302","176","厨者王波","3546728118618546","109092","2026-07-21","通过：≥10万","B站内置浏览器：无锡 美食 探店／无锡 小吃"
"无锡市","2026-07-21","无锡沁园菜场这家包子铺，我年轻时是它的常客，菜包油润可口满嘴留香！","BV1p84BzhEVu","https://www.bilibili.com/video/BV1p84BzhEVu/","2025-10-16","10684","26","秦大浪vlog","1238201958","20145","2026-07-21","不通过：低于10万","B站内置浏览器：无锡 美食 探店／无锡 小吃"
"无锡市","2026-07-21","山不在高有仙则灵！无锡老锡海宾馆的大厨开家小面馆，这不拖拖的降维打击嘛！","BV1tT4nzpESr","https://www.bilibili.com/video/BV1tT4nzpESr/","2025-10-10","10883","53","秦大浪vlog","1238201958","20145","2026-07-21","不通过：低于10万","B站内置浏览器：无锡 美食 探店／无锡 小吃"
"无锡市","2026-07-21","无锡东亭人气本帮菜，道道都是老法头味道，这一桌您猜多少钱？","BV1Qsx7zJEvG","https://www.bilibili.com/video/BV1Qsx7zJEvG/","2025-10-06","10614","25","秦大浪vlog","1238201958","20145","2026-07-21","不通过：低于10万","B站内置浏览器：无锡 美食 探店／无锡 小吃"
"无锡市","2026-07-21","6元的菜饭，4元的拌面，无锡这家店算便宜吗？","BV13sHVzFE9f","https://www.bilibili.com/video/BV13sHVzFE9f/","2025-10-03","150763","184","爱学习的好王野","11263788","96805","2026-07-21","不通过：低于10万","B站内置浏览器：无锡 美食 探店／无锡 小吃"
"无锡市","2026-07-21","无锡阳山20年老面馆，免费的小菜品种多口味好，老阿姨直言吃了她家面就不想吃别家了！","BV1PHHAzHE4F","https://www.bilibili.com/video/BV1PHHAzHE4F/","2025-10-02","13953","13","秦大浪vlog","1238201958","20145","2026-07-21","不通过：低于10万","B站内置浏览器：无锡 美食 探店／无锡 小吃"
"无锡市","2026-07-21","无锡雪浪的宝藏大排档，4个菜只要一百出些头，都是地道的本帮口味！","BV168nMz4Est","https://www.bilibili.com/video/BV168nMz4Est/","2025-09-26","8924","27","秦大浪vlog","1238201958","20145","2026-07-21","不通过：低于10万","B站内置浏览器：无锡 美食 探店／无锡 小吃"
"无锡市","2026-07-21","无锡钱桥30年老面饭店，12点面条居然卖光了，点3个菜干饭也挺好！","BV1XqW3zFEPb","https://www.bilibili.com/video/BV1XqW3zFEPb/","2025-09-19","8993","32","秦大浪vlog","1238201958","20145","2026-07-21","不通过：低于10万","B站内置浏览器：无锡 美食 探店／无锡 小吃"
"无锡市","2026-07-21","无锡新安老街宝藏小饭店，二层的民房到饭点就满座，满是老法头味道！","BV1kGaBz6ETk","https://www.bilibili.com/video/BV1kGaBz6ETk/","2025-09-06","19944","28","秦大浪vlog","1238201958","20145","2026-07-21","不通过：低于10万","B站内置浏览器：无锡 美食 探店／无锡 小吃"
"无锡市","2026-07-21","到了无锡，总得尝尝本地味。玉友推荐了一家饭店，到店才发现人气超旺。这里都是家常小菜，价格亲民，味道却特别地道，吃完还忍不住回味，这趟真是没白来。","BV1MXaczUEJP","https://www.bilibili.com/video/BV1MXaczUEJP/","2025-09-02","5659","59","厚德载玉缘","3546393585125411","27839","2026-07-21","不通过：低于10万","B站内置浏览器：无锡 美食 探店／无锡 小吃"
"无锡市","2026-07-21","在无锡梁溪区吃藏在巷子里的“大酒店”10块一份的糖醋排骨19块的猪肘 10块的走油肉  8块的葱烤大排 156块买了15样，性价比简直炸裂#无锡美食","BV1vieoz9Eb9","https://www.bilibili.com/video/BV1vieoz9Eb9/","2025-08-25","1293438","480","达哥在上海","504799975","1048522","2026-07-21","通过：≥10万","B站内置浏览器：无锡 美食 探店／无锡 小吃"
"无锡市","2026-07-21","无锡盛岸市场，美食天花板","BV1VWbPzsESf","https://www.bilibili.com/video/BV1VWbPzsESf/","2025-08-10","11843","66","二少爷的拍拍拍","1604051466","3366","2026-07-21","不通过：低于10万","B站内置浏览器：无锡 美食 探店／无锡 小吃"
"无锡市","2026-07-21","无锡高分必吃榜餐厅，全场无雷闭着眼睛点","BV1E88Cz2ENs","https://www.bilibili.com/video/BV1E88Cz2ENs/","2025-07-31","12120","60","下馆子的王老板","3494366570089314","38397","2026-07-21","不通过：低于10万","B站内置浏览器：无锡 美食 探店／无锡 小吃"
"无锡市","2026-07-21","老城区No.1！无锡人已经吃了十几年……","BV1VghczWECC","https://www.bilibili.com/video/BV1VghczWECC/","2025-07-30","3682","37","IPWUXI","3546645700544846","262","2026-07-21","不通过：低于10万","B站内置浏览器：无锡 美食 探店／无锡 小吃"
"无锡市","2026-07-21","三伏顶流！无锡人从小吃到大","BV1M2g7z3Exx","https://www.bilibili.com/video/BV1M2g7z3Exx/","2025-07-22","911","7","IPWUXI","3546645700544846","262","2026-07-21","不通过：低于10万","B站内置浏览器：无锡 美食 探店／无锡 小吃"
"无锡市","2026-07-21","无锡13.8快餐自助，十几种菜吃了三大份，吃撑了！","BV14yMxzoES6","https://www.bilibili.com/video/BV14yMxzoES6/","2025-06-15","1264","10","LLThh","40321020","15","2026-07-21","不通过：低于10万","B站内置浏览器：无锡 美食 探店／无锡 小吃"
"无锡市","2026-07-21","江苏无锡藏在楼群里的小菜馆，红烧脚圈、肉酿面筋等，味道如何？","BV1T8VtzCE1i","https://www.bilibili.com/video/BV1T8VtzCE1i/","2025-05-07","12014","32","介介耐美食","394227249","19493","2026-07-21","不通过：低于10万","B站内置浏览器：无锡 美食 探店／无锡 小吃"
"无锡市","2026-07-21","无锡“老饕”看了都得夸我下(^_^)真会吃！48h纯吃攻略","BV1rAVjzaEF9","https://www.bilibili.com/video/BV1rAVjzaEF9/","2025-05-03","41311","134","美食胖大星","3493091161934135","103915","2026-07-21","通过：≥10万","B站内置浏览器：无锡 美食 探店／无锡 小吃"
"无锡市","2026-07-21","无锡串串届的元老，你们不会还没吃过吧","BV143LEzQEae","https://www.bilibili.com/video/BV143LEzQEae/","2025-04-25","2559","5","熊猫姐姐-Miss华","3493121520306502","2351","2026-07-21","不通过：低于10万","B站内置浏览器：无锡 美食 探店／无锡 小吃"
"无锡市","2026-07-21","无锡严家桥村里的味道，看菜点菜不论价，吃前慌得手抖，180元4个大荤吃出心跳游戏！","BV1hqd2Y8EGj","https://www.bilibili.com/video/BV1hqd2Y8EGj/","2025-04-11","2081","2","常熟多尔滚","1049528654","1356","2026-07-21","不通过：低于10万","B站内置浏览器：无锡 美食 探店／无锡 小吃"
"无锡市","2026-07-21","绕不开的无锡美食，玉兰饼！怎么是这个口味！","BV1todnYDE6c","https://www.bilibili.com/video/BV1todnYDE6c/","2025-04-08","6790","56","老胡库库炫","485308857","1318","2026-07-21","不通过：低于10万","B站内置浏览器：无锡 美食 探店／无锡 小吃"
"无锡市","2026-07-21","早餐爽吃6家店，无锡也太美味了吧！！","BV19XZDYQE4L","https://www.bilibili.com/video/BV19XZDYQE4L/","2025-04-04","110637","200","大胖和软软","7956629","1207188","2026-07-21","通过：≥10万","B站内置浏览器：无锡 美食 探店／无锡 小吃"
"无锡市","2026-07-21","吃在无锡 “大排面”｜很遗憾这次没赶上“大排面”。","BV1CwQ6YsEim","https://www.bilibili.com/video/BV1CwQ6YsEim/","2025-03-16","33126","165","马未都","471050418","547719","2026-07-21","通过：≥10万","B站内置浏览器：无锡 美食 探店／无锡 小吃"
"无锡市","2026-07-21","吃在无锡 街头小店｜以最破的环境，叫最大的名字~","BV1n7QGYrERC","https://www.bilibili.com/video/BV1n7QGYrERC/","2025-03-15","37395","117","马未都","471050418","547719","2026-07-21","通过：≥10万","B站内置浏览器：无锡 美食 探店／无锡 小吃"
"无锡市","2026-07-21","藏在5A级景区里的百年无锡老菜馆！真有那么好吃？","BV1ScQGYHE2a","https://www.bilibili.com/video/BV1ScQGYHE2a/","2025-03-14","3390","26","小胃王布丁","107192096","2370","2026-07-21","不通过：低于10万","B站内置浏览器：无锡 美食 探店／无锡 小吃"
"无锡市","2026-07-21","挑战花200块在无锡市中心吃一天复兴路好多宝藏美食","BV1hdQnY2ESm","https://www.bilibili.com/video/BV1hdQnY2ESm/","2025-03-12","13630","23","贪吃小阿姨","1057793578","15568","2026-07-21","不通过：低于10万","B站内置浏览器：无锡 美食 探店／无锡 小吃"
"无锡市","2026-07-21","吃在无锡 第一站｜到了无锡，来大酒店撮一顿！","BV1w1Q7YoEvz","https://www.bilibili.com/video/BV1w1Q7YoEvz/","2025-03-12","80798","250","马未都","471050418","547719","2026-07-21","通过：≥10万","B站内置浏览器：无锡 美食 探店／无锡 小吃"
"无锡市","2026-07-21","【江南小笼汤包点评•无锡】高铁来回 勇闯甜都吃小笼究竟值不值？","BV1cURwYnEum","https://www.bilibili.com/video/BV1cURwYnEum/","2025-03-06","297711","2079","跟着老高吃东西","3546672569256789","509906","2026-07-21","通过：≥10万","B站内置浏览器：无锡 美食 探店／无锡 小吃"
"无锡市","2026-07-21","【吃货合集】吃遍一座城之无锡系列1！无锡早点小吃菜品全囊括！","BV1Hr9jYtERM","https://www.bilibili.com/video/BV1Hr9jYtERM/","2025-03-04","140","0","麻浦区保安奈奈子","32759542","79","2026-07-21","不通过：低于10万","B站内置浏览器：无锡 美食 探店／无锡 小吃"
"无锡市","2026-07-21","来无锡啦！到无锡必吃的当地特色菜我来了！看看够不够甜！","BV1uk9iYbE1Z","https://www.bilibili.com/video/BV1uk9iYbE1Z/","2025-03-03","3190","18","小胃王布丁","107192096","2370","2026-07-21","不通过：低于10万","B站内置浏览器：无锡 美食 探店／无锡 小吃"
"无锡市","2026-07-21","无锡一家吃吊鸡露的馆子，鸡汤鲜美，小肠嫩滑，真的好吃","BV1o9XdYZEFp","https://www.bilibili.com/video/BV1o9XdYZEFp/","2025-03-02","61302","323","员外的觅食人生","9433848","118563","2026-07-21","通过：≥10万","B站内置浏览器：无锡 美食 探店／无锡 小吃"
"无锡市","2026-07-21","无锡川菜前三❓","BV1aCKNe6Ecp","https://www.bilibili.com/video/BV1aCKNe6Ecp/","2025-02-14","3631","15","玉兰饼吃什么vlog","3546818132576366","1369","2026-07-21","不通过：低于10万","B站内置浏览器：无锡 美食 探店／无锡 小吃"
"无锡市","2026-07-21","新派川菜的代表！无锡也能吃到好吃的川菜了？","BV13Ff2YiEKQ","https://www.bilibili.com/video/BV13Ff2YiEKQ/","2025-01-28","4982","16","秦大浪vlog","1238201958","20145","2026-07-21","不通过：低于10万","B站内置浏览器：无锡 美食 探店／无锡 小吃"
"无锡市","2026-07-21","在无锡36岁贪吃小阿姨三刷无锡天花板自贡菜13道菜吃美了","BV1qW6BYGELU","https://www.bilibili.com/video/BV1qW6BYGELU/","2025-01-02","6585","24","贪吃小阿姨","1057793578","15568","2026-07-21","不通过：低于10万","B站内置浏览器：无锡 美食 探店／无锡 小吃"
"无锡市","2026-07-21","网红的尽头是开店？无锡吃面哥也开面馆了，面筋百叶包又大又便宜！","BV1kqzGYCE76","https://www.bilibili.com/video/BV1kqzGYCE76/","2024-11-26","17153","62","秦大浪vlog","1238201958","20145","2026-07-21","不通过：低于10万","B站内置浏览器：无锡 美食 探店／无锡 小吃"
"无锡市","2026-07-21","无锡东北塘30多年老店，老板放弃面条专攻炒菜，分量口味都没话说！","BV14VDgY6E1A","https://www.bilibili.com/video/BV14VDgY6E1A/","2024-11-06","21193","41","秦大浪vlog","1238201958","20145","2026-07-21","不通过：低于10万","B站内置浏览器：无锡 美食 探店／无锡 小吃"
"无锡市","2026-07-21","乡镇面馆一天卖两百多斤面？无锡玉祁这家老店，33元吃得心满意足！","BV1bjS7YfEEW","https://www.bilibili.com/video/BV1bjS7YfEEW/","2024-10-31","15195","82","秦大浪vlog","1238201958","20145","2026-07-21","不通过：低于10万","B站内置浏览器：无锡 美食 探店／无锡 小吃"
"无锡市","2026-07-21","无锡.老友记 厨子探店¥108","BV15KSbYKEZS","https://www.bilibili.com/video/BV15KSbYKEZS/","2024-10-30","1165115","1681","真探唐仁杰","544336675","4700147","2026-07-21","通过：≥10万","B站内置浏览器：无锡 美食 探店／无锡 小吃"
"无锡市","2026-07-21","无锡.苍蝇馆 厨子探店¥240","BV1e314YJEFA","https://www.bilibili.com/video/BV1e314YJEFA/","2024-10-28","1153445","2197","真探唐仁杰","544336675","4700147","2026-07-21","通过：≥10万","B站内置浏览器：无锡 美食 探店／无锡 小吃"
"无锡市","2026-07-21","一条视频带你吃遍无锡三家老字号本帮菜馆","BV1U513YwETQ","https://www.bilibili.com/video/BV1U513YwETQ/","2024-10-28","19314","55","贪吃小阿姨","1057793578","15568","2026-07-21","不通过：低于10万","B站内置浏览器：无锡 美食 探店／无锡 小吃"
"无锡市","2026-07-21","无锡坊前人气面饭店，搬迁3次老客跟着跑，13元就能让你扶墙走！","BV1Kyy6Y3Esb","https://www.bilibili.com/video/BV1Kyy6Y3Esb/","2024-10-24","9876","16","秦大浪vlog","1238201958","20145","2026-07-21","不通过：低于10万","B站内置浏览器：无锡 美食 探店／无锡 小吃"
"无锡市","2026-07-21","【逛吃无锡】玉兰饼！鸡子大饼！肉汤圆小笼包！四年了我想你们！","BV1otyHYuE1S","https://www.bilibili.com/video/BV1otyHYuE1S/","2024-10-22","128275","245","逛吃小猪猪","110055866","463768","2026-07-21","通过：≥10万","B站内置浏览器：无锡 美食 探店／无锡 小吃"
"无锡市","2026-07-21","无锡这家人气川菜馆，主打自贡口味麻辣鲜香，这厕所兔您吃过吗？","BV1m72hYRE9W","https://www.bilibili.com/video/BV1m72hYRE9W/","2024-10-12","6491","16","秦大浪vlog","1238201958","20145","2026-07-21","不通过：低于10万","B站内置浏览器：无锡 美食 探店／无锡 小吃"
"无锡市","2026-07-21","无锡美食攻略大全来无锡旅游看我这条够啦一条视频带你吃遍无锡17家老字号","BV1TAsreJEkM","https://www.bilibili.com/video/BV1TAsreJEkM/","2024-09-25","50976","148","贪吃小阿姨","1057793578","15568","2026-07-21","不通过：低于10万","B站内置浏览器：无锡 美食 探店／无锡 小吃"
"无锡市","2026-07-21","稻香市场，无锡人从小吃到大的美食都在这。","BV1zupee5ERp","https://www.bilibili.com/video/BV1zupee5ERp/","2024-09-08","3555","8","路灯摄影","1119599111","1589","2026-07-21","不通过：低于10万","B站内置浏览器：无锡 美食 探店／无锡 小吃"
"无锡市","2026-07-21","8元一碗的卤肉饭，无锡这家台湾菜，真的好吃吗？","BV1ENpTeAEFQ","https://www.bilibili.com/video/BV1ENpTeAEFQ/","2024-09-05","59338","103","爱学习的好王野","11263788","96805","2026-07-21","不通过：低于10万","B站内置浏览器：无锡 美食 探店／无锡 小吃"
"无锡市","2026-07-21","人均60元！开在无锡的川菜馆，到底正宗不正宗？","BV1hMW8epE5K","https://www.bilibili.com/video/BV1hMW8epE5K/","2024-08-21","31297","118","爱学习的好王野","11263788","96805","2026-07-21","不通过：低于10万","B站内置浏览器：无锡 美食 探店／无锡 小吃"
"无锡市","2026-07-21","无锡这座小众的禅寺里，藏着家干净的素面馆，12元一大碗好吃不贵！","BV1En4y1f74L","https://www.bilibili.com/video/BV1En4y1f74L/","2024-08-15","16058","36","秦大浪vlog","1238201958","20145","2026-07-21","不通过：低于10万","B站内置浏览器：无锡 美食 探店／无锡 小吃"
"无锡市","2026-07-21","无锡小吃这么甜这么油怎么吃不胖的 | 小笼包玉兰饼鳝鱼面","BV1oPY5eGEwA","https://www.bilibili.com/video/BV1oPY5eGEwA/","2024-08-10","15068","175","福福爱吃","27143739","25022","2026-07-21","不通过：低于10万","B站内置浏览器：无锡 美食 探店／无锡 小吃"
"无锡市","2026-07-21","无锡逛吃我又吃到哪些好吃的","BV1mS411w7kn","https://www.bilibili.com/video/BV1mS411w7kn/","2024-08-09","8596","34","贪吃小阿姨","1057793578","15568","2026-07-21","不通过：低于10万","B站内置浏览器：无锡 美食 探店／无锡 小吃"
"无锡市","2026-07-21","无锡这家私房面饭馆，一到饭点就找不到座位，浇头品种多好吃不贵！","BV13M4m117fY","https://www.bilibili.com/video/BV13M4m117fY/","2024-07-31","18226","57","秦大浪vlog","1238201958","20145","2026-07-21","不通过：低于10万","B站内置浏览器：无锡 美食 探店／无锡 小吃"
"无锡市","2026-07-21","无锡前洲30年老店，有面有饭干净又卫生，一荤三素15元谁都吃得起","BV1gm42137Hc","https://www.bilibili.com/video/BV1gm42137Hc/","2024-07-29","9153","79","秦大浪vlog","1238201958","20145","2026-07-21","不通过：低于10万","B站内置浏览器：无锡 美食 探店／无锡 小吃"
"无锡市","2026-07-21","江苏无锡298/位活海胆畅吃！给我爽到了","BV1q1421t74B","https://www.bilibili.com/video/BV1q1421t74B/","2024-07-29","20834","50","小二水脸圆圆","546236631","22961","2026-07-21","不通过：低于10万","B站内置浏览器：无锡 美食 探店／无锡 小吃"
"无锡市","2026-07-21","无锡｜3天逛吃30家！烟雨江南美味甜到心里！","BV1GS421R7UT","https://www.bilibili.com/video/BV1GS421R7UT/","2024-07-20","89153","183","rikku闲不咸","95054455","38132","2026-07-21","不通过：低于10万","B站内置浏览器：无锡 美食 探店／无锡 小吃"
"无锡市","2026-07-21","无锡江南大学宝藏夜市爽吃四家店才花60元","BV1jz421q7Ww","https://www.bilibili.com/video/BV1jz421q7Ww/","2024-07-16","18324","58","贪吃小阿姨","1057793578","15568","2026-07-21","不通过：低于10万","B站内置浏览器：无锡 美食 探店／无锡 小吃"
"无锡市","2026-07-21","来无锡啦，一口气吃了21种美食，属实没想到无锡也那么好吃","BV1p1421b7Fs","https://www.bilibili.com/video/BV1p1421b7Fs/","2024-07-13","22533","74","大脸楠楠啊","29425430","24203","2026-07-21","不通过：低于10万","B站内置浏览器：无锡 美食 探店／无锡 小吃"
"无锡市","2026-07-21","无锡美食便宜又好吃! 来无锡必逛的一条街! 台湾小伙美食探店vlog","BV1ti421i77i","https://www.bilibili.com/video/BV1ti421i77i/","2024-06-15","27658","79","小杰不到一百六","454433355","148120","2026-07-21","通过：≥10万","B站内置浏览器：无锡 美食 探店／无锡 小吃"
"无锡市","2026-07-21","无锡盛岸市场二楼大食堂实惠又好吃","BV1Kz421Y7eN","https://www.bilibili.com/video/BV1Kz421Y7eN/","2024-06-05","15942","47","贪吃小阿姨","1057793578","15568","2026-07-21","不通过：低于10万","B站内置浏览器：无锡 美食 探店／无锡 小吃"
"无锡市","2026-07-21","花492元在无锡逛吃的一天吃了啥","BV1HD421g7fY","https://www.bilibili.com/video/BV1HD421g7fY/","2024-05-31","10472","34","贪吃小阿姨","1057793578","15568","2026-07-21","不通过：低于10万","B站内置浏览器：无锡 美食 探店／无锡 小吃"
"无锡市","2026-07-21","在无锡这家酸辣汤小店，竟然吃到了三十年前的老法头味道冷饮杯｜无锡旅游｜无锡美食｜特色美食｜顶顶牛酸辣汤｜老式桂花红豆冷饮｜无锡酸辣汤","BV13D421N76J","https://www.bilibili.com/video/BV13D421N76J/","2024-05-08","7723","68","吃吃花头劲","360679770","10719","2026-07-21","不通过：低于10万","B站内置浏览器：无锡 美食 探店／无锡 小吃"
"无锡市","2026-07-21","驱车150公里只为吃3块钱一个的无锡玉兰饼，和12块的酸辣汤！无锡藏在居民区里专做玉兰饼的老牌饮食店！来无锡一定要感受一下当地居民这幸福的早餐生活！","BV1QT421C7iV","https://www.bilibili.com/video/BV1QT421C7iV/","2024-05-02","491647","285","达哥在上海","504799975","1048542","2026-07-21","通过：≥10万","B站内置浏览器：无锡 美食 探店／无锡 小吃"
"无锡市","2026-07-21","无锡这家新开的惠民餐厅，各类本帮菜应有尽有，60岁以上还能打折！","BV1SZ421n7kG","https://www.bilibili.com/video/BV1SZ421n7kG/","2024-04-25","16931","46","秦大浪vlog","1238201958","20145","2026-07-21","不通过：低于10万","B站内置浏览器：无锡 美食 探店／无锡 小吃"
"无锡市","2026-07-21","无锡108元！畅吃新疆菜真的太牛了～菜味超级赞！还有新疆烧烤跟主食哦｜戈壁滕抓饭","BV1Vb421Y7Mb","https://www.bilibili.com/video/BV1Vb421Y7Mb/","2024-04-23","92782","243","刘牛牛Moo","1050941634","148823","2026-07-21","通过：≥10万","B站内置浏览器：无锡 美食 探店／无锡 小吃"
"江阴市","2026-07-21","带退休爸妈江阴美食游！刀鱼、河豚、鮰鱼鲜到掉眉，拖炉饼金黄喷香，外脆里糯","BV1L1421Z7Zz","https://www.bilibili.com/video/BV1L1421Z7Zz/","2024-04-15","120250","388","小猪好吃喝","77087977","186700","2026-07-21","通过：≥10万","B站内置浏览器：无锡 美食 探店／无锡 小吃"
"无锡市","2026-07-21","无锡40元炸鸡自助不限时畅吃，十九种口味任选｜爱尚炸鸡","BV1Ur421V7ZD","https://www.bilibili.com/video/BV1Ur421V7ZD/","2024-04-13","86713","450","刘牛牛Moo","1050941634","148823","2026-07-21","通过：≥10万","B站内置浏览器：无锡 美食 探店／无锡 小吃"
"无锡市","2026-07-21","无锡这家20多年苍蝇小馆，主打一个经济实惠，两人90元吃到扶墙走！","BV1uE421u7f6","https://www.bilibili.com/video/BV1uE421u7f6/","2024-04-10","9652","19","秦大浪vlog","1238201958","20145","2026-07-21","不通过：低于10万","B站内置浏览器：无锡 美食 探店／无锡 小吃"
"无锡市","2026-07-21","无锡探店记录，生意真好要排队","BV1Kx4y1e7mU","https://www.bilibili.com/video/BV1Kx4y1e7mU/","2024-04-07","121811","402","账号已注销","3546562324073045","11353","2026-07-21","不通过：低于10万","B站内置浏览器：无锡 美食 探店／无锡 小吃"
"无锡市","2026-07-21","人均消费20元！无锡宝藏小馆子，老板称“不为赚钱”？","BV1nz421y74c","https://www.bilibili.com/video/BV1nz421y74c/","2024-04-06","41912","112","爱学习的好王野","11263788","96805","2026-07-21","不通过：低于10万","B站内置浏览器：无锡 美食 探店／无锡 小吃"
"无锡市","2026-07-21","无锡阿姨妈妈喜欢的三十年老牌酒楼，玉兰饼堪称一绝｜无锡美食｜天福苑｜无锡旅游｜崇宁路｜崇安寺｜中山路｜惠山古镇｜南长街｜清名桥","BV1zH4y1T7pj","https://www.bilibili.com/video/BV1zH4y1T7pj/","2024-04-06","14790","66","吃吃花头劲","360679770","10719","2026-07-21","不通过：低于10万","B站内置浏览器：无锡 美食 探店／无锡 小吃"
"无锡市","2026-07-21","第一次来无锡探店就吃到我喜欢的味道！","BV111421S7Cv","https://www.bilibili.com/video/BV111421S7Cv/","2024-03-23","1122","10","DK程大鑫","2055557955","1819","2026-07-21","不通过：低于10万","B站内置浏览器：无锡 美食 探店／无锡 小吃"
"无锡市","2026-07-21","无锡早面 当地美食 无锡面馆探店","BV1kJ4m187vM","https://www.bilibili.com/video/BV1kJ4m187vM/","2024-03-19","30","1","hvgnfhvfxg","40449715","7096","2026-07-21","不通过：低于10万","B站内置浏览器：无锡 美食 探店／无锡 小吃"
"无锡市","2026-07-21","无锡美食老字号，二泉老菜馆","BV18t42157Ch","https://www.bilibili.com/video/BV18t42157Ch/","2024-03-15","3881","13","炎炎吾","241173607","6990","2026-07-21","不通过：低于10万","B站内置浏览器：无锡 美食 探店／无锡 小吃"
"无锡市","2026-07-21","无锡稻香老牌饮食店，汤面只要3块5一碗，浇头便宜味道也不差！","BV122421c71y","https://www.bilibili.com/video/BV122421c71y/","2024-02-17","19211","70","秦大浪vlog","1238201958","20145","2026-07-21","不通过：低于10万","B站内置浏览器：无锡 美食 探店／无锡 小吃"
"无锡市","2026-07-21","无锡这家地道四川菜馆，开了23年圈粉无数，鲶鱼毛血旺加燃面真舒坦！","BV15Z421U746","https://www.bilibili.com/video/BV15Z421U746/","2024-02-05","9347","16","秦大浪vlog","1238201958","20145","2026-07-21","不通过：低于10万","B站内置浏览器：无锡 美食 探店／无锡 小吃"
"无锡市","2026-07-21","无锡市锡山区厚桥，花162元吃36年坑缸饭店4大特色菜＃无锡美食＃常熟多尔滚","BV1rb4y1N7Ud","https://www.bilibili.com/video/BV1rb4y1N7Ud/","2024-01-25","916","1","常熟多尔滚","1049528654","1356","2026-07-21","不通过：低于10万","B站内置浏览器：无锡 美食 探店／无锡 小吃"
"无锡市","2026-07-21","上午十点半就关门的小吃店，馄饨小笼包颇受欢迎，这里有无锡的老味道！","BV1Wa4y1m7Pe","https://www.bilibili.com/video/BV1Wa4y1m7Pe/","2024-01-10","15222","39","秦大浪vlog","1238201958","20145","2026-07-21","不通过：低于10万","B站内置浏览器：无锡 美食 探店／无锡 小吃"
"无锡市","2026-07-21","能让无锡人特地开车来吃，这家老店是真有两下！酸辣汤配鸡子大饼绝配！","BV1NK411t7kv","https://www.bilibili.com/video/BV1NK411t7kv/","2024-01-01","27527","91","秦大浪vlog","1238201958","20145","2026-07-21","不通过：低于10万","B站内置浏览器：无锡 美食 探店／无锡 小吃"
"无锡市","2026-07-21","挑战无锡早市，白糖拌馄炖，梅花糕里塞肉！南方小土豆大震惊！","BV1wi4y1z7oD","https://www.bilibili.com/video/BV1wi4y1z7oD/","2024-01-01","141076","601","机智的小肥虎tiger","49669140","336392","2026-07-21","通过：≥10万","B站内置浏览器：无锡 美食 探店／无锡 小吃"
"无锡市","2026-07-21","无锡惠山古镇，吃花酒喝蟹面，烧饼就狮子头不要太爽！","BV1Wj411n7PD","https://www.bilibili.com/video/BV1Wj411n7PD/","2023-12-29","103678","263","机智的小肥虎tiger","49669140","336392","2026-07-21","通过：≥10万","B站内置浏览器：无锡 美食 探店／无锡 小吃"
"无锡市","2026-07-21","在无锡吃地道本帮菜，这家老店是绕不开的，188元这一桌相当巴适！","BV1Ee411z7ze","https://www.bilibili.com/video/BV1Ee411z7ze/","2023-12-26","52188","95","秦大浪vlog","1238201958","20145","2026-07-21","不通过：低于10万","B站内置浏览器：无锡 美食 探店／无锡 小吃"
"无锡市","2026-07-21","倾囊分享无锡五家天花板面馆爱吃面条的码住","BV1yC4y1q79m","https://www.bilibili.com/video/BV1yC4y1q79m/","2023-12-25","31196","131","贪吃小阿姨","1057793578","15568","2026-07-21","不通过：低于10万","B站内置浏览器：无锡 美食 探店／无锡 小吃"
"无锡市","2026-07-21","[太湖饭店-寄畅轩] 韩国大叔的无锡探店旅程从天花板开始走起~","BV1gc411D7tq","https://www.bilibili.com/video/BV1gc411D7tq/","2023-12-07","32104","184","丁泽西支楞起来","1307209609","34163","2026-07-21","不通过：低于10万","B站内置浏览器：无锡 美食 探店／无锡 小吃"
"无锡市","2026-07-21","无锡南方泉人气馆子，酸菜鱼可谓桌桌必点，老板说夏天日售几百盆！","BV12H4y127ak","https://www.bilibili.com/video/BV12H4y127ak/","2023-11-23","8775","26","秦大浪vlog","1238201958","20145","2026-07-21","不通过：低于10万","B站内置浏览器：无锡 美食 探店／无锡 小吃"
"无锡市","2026-07-21","在无锡吃一整天，到底有什么是不甜的？","BV1Nj41177WC","https://www.bilibili.com/video/BV1Nj41177WC/","2023-11-22","1911347","9169","Amy艾米饭","218506533","1177642","2026-07-21","通过：≥10万","B站内置浏览器：无锡 美食 探店／无锡 小吃"
"无锡市","2026-07-21","无锡南禅寺小吃精华总结看我这期就够啦","BV1qN411M7QZ","https://www.bilibili.com/video/BV1qN411M7QZ/","2023-11-14","107095","397","贪吃小阿姨","1057793578","15568","2026-07-21","不通过：低于10万","B站内置浏览器：无锡 美食 探店／无锡 小吃"
"无锡市","2026-07-21","无锡南方泉这家老店，环境复古以筒肠闻名，点几个菜下酒相当巴适！","BV17a4y1Q7cb","https://www.bilibili.com/video/BV17a4y1Q7cb/","2023-11-07","13022","24","秦大浪vlog","1238201958","20145","2026-07-21","不通过：低于10万","B站内置浏览器：无锡 美食 探店／无锡 小吃"
"无锡市","2026-07-21","北方厨师探店无锡苏帮菜，4道菜主食免费吃花100多，价格味道感人","BV1Pc411o7wG","https://www.bilibili.com/video/BV1Pc411o7wG/","2023-11-02","10269","49","超子美食","403940805","883593","2026-07-21","通过：≥10万","B站内置浏览器：无锡 美食 探店／无锡 小吃"
"无锡市","2026-07-21","今天带小熊逛无锡最有名小吃街，美食多到爆，平淡的日子也蛮幸福","BV1mN4y1k7ke","https://www.bilibili.com/video/BV1mN4y1k7ke/","2023-11-01","5797","11","小熊夫妻","3461579630709399","25377","2026-07-21","不通过：低于10万","B站内置浏览器：无锡 美食 探店／无锡 小吃"
"无锡市","2026-07-21","无锡崇安寺皇亭美食重新开张，百年老字号比比皆是，真的好吃吗？","BV1NH4y1r72j","https://www.bilibili.com/video/BV1NH4y1r72j/","2023-10-27","9322","43","秦大浪vlog","1238201958","20145","2026-07-21","不通过：低于10万","B站内置浏览器：无锡 美食 探店／无锡 小吃"
"无锡市","2026-07-21","无锡这家新开的面馆，开业后饱受争议，招牌什锦两黄面性价比一般！","BV1A84y1U7vQ","https://www.bilibili.com/video/BV1A84y1U7vQ/","2023-10-09","13972","84","秦大浪vlog","1238201958","20145","2026-07-21","不通过：低于10万","B站内置浏览器：无锡 美食 探店／无锡 小吃"
"无锡市","2026-07-21","无锡80年老面馆糖文化，拌面5元一碗，当地人吃必须要加两勺白糖","BV15m4y1V7i1","https://www.bilibili.com/video/BV15m4y1V7i1/","2023-09-30","62005","248","南京舟小九","508245489","98651","2026-07-21","不通过：低于10万","B站内置浏览器：无锡 美食 探店／无锡 小吃"
"无锡市","2026-07-21","无锡这家雅致的早茶店，是典型的淮扬风味，大姐直言面条都从扬州运来的！","BV1Zh4y1Y7es","https://www.bilibili.com/video/BV1Zh4y1Y7es/","2023-09-16","15206","61","秦大浪vlog","1238201958","20145","2026-07-21","不通过：低于10万","B站内置浏览器：无锡 美食 探店／无锡 小吃"
"无锡市","2026-07-21","无锡这家新开的面馆，一天能卖上百斤面，一打听原来老板大有来头！","BV1WN411p77y","https://www.bilibili.com/video/BV1WN411p77y/","2023-09-11","16810","51","秦大浪vlog","1238201958","20145","2026-07-21","不通过：低于10万","B站内置浏览器：无锡 美食 探店／无锡 小吃"
"无锡市","2026-07-21","无锡｜约会吃饭合集｜随岭烧肉｜LP泰料夜市｜班岚｜黑盘子","BV1Q94y167ij","https://www.bilibili.com/video/BV1Q94y167ij/","2023-08-18","9892","52","炎炎吾","241173607","6990","2026-07-21","不通过：低于10万","B站内置浏览器：无锡 美食 探店／无锡 小吃"
"无锡市","2026-07-21","无锡这家店太对我胃口了！蒸菜不仅下酒还下饭！","BV1yx4y1f78Y","https://www.bilibili.com/video/BV1yx4y1f78Y/","2023-08-18","17110","92","贝贝姐又来了","1501093104","18110","2026-07-21","不通过：低于10万","B站内置浏览器：无锡 美食 探店／无锡 小吃"
"无锡市","2026-07-21","挑战吃遍无锡33家大众必吃榜","BV1Du4y117Gw","https://www.bilibili.com/video/BV1Du4y117Gw/","2023-08-05","15997","54","贪吃小阿姨","1057793578","15568","2026-07-21","不通过：低于10万","B站内置浏览器：无锡 美食 探店／无锡 小吃"
"无锡市","2026-07-21","无锡这家福建牛肉小店，食材靠谱口味很地道，菜饭配咖喱牛排嘎嘎香！","BV1w94y1e7Qd","https://www.bilibili.com/video/BV1w94y1e7Qd/","2023-07-28","14817","43","秦大浪vlog","1238201958","20145","2026-07-21","不通过：低于10万","B站内置浏览器：无锡 美食 探店／无锡 小吃"
"无锡市","2026-07-21","深受无锡阿姨妈妈们喜欢的二十年老牌无锡平价饭馆｜无锡旅游｜无锡小吃｜玉兰饼｜太湖三白｜旅游攻略｜无锡美食｜鼋头渚","BV1Lp4y157rK","https://www.bilibili.com/video/BV1Lp4y157rK/","2023-07-27","21411","129","吃吃花头劲","360679770","10719","2026-07-21","不通过：低于10万","B站内置浏览器：无锡 美食 探店／无锡 小吃"
"无锡市","2026-07-21","无锡安镇人气大饭店，油条和鱼头搭配头回见，兄弟们开怀畅饮真舒坦！","BV1eN41127U2","https://www.bilibili.com/video/BV1eN41127U2/","2023-07-18","7684","30","秦大浪vlog","1238201958","20145","2026-07-21","不通过：低于10万","B站内置浏览器：无锡 美食 探店／无锡 小吃"
"无锡市","2026-07-21","全无锡醉好吃的烧烤店就是这家！烤鸡翅膀真的是绝绝子！","BV1JX4y1W7a3","https://www.bilibili.com/video/BV1JX4y1W7a3/","2023-06-30","26568","195","熊猫姐姐-Miss华","3493121520306502","2351","2026-07-21","不通过：低于10万","B站内置浏览器：无锡 美食 探店／无锡 小吃"
"无锡市","2026-07-21","无锡西漳三十多年小吃店，地道本帮味好吃不贵，炸大排配拌面YYDS！","BV1M14y127Xr","https://www.bilibili.com/video/BV1M14y127Xr/","2023-06-26","6659","13","秦大浪vlog","1238201958","20145","2026-07-21","不通过：低于10万","B站内置浏览器：无锡 美食 探店／无锡 小吃"
"无锡市","2026-07-21","无锡特色小吃合集 | 个位数的快乐谁懂啊！！","BV1SP411v7bM","https://www.bilibili.com/video/BV1SP411v7bM/","2023-06-25","111084","348","韩小闹_","652042854","5411","2026-07-21","不通过：低于10万","B站内置浏览器：无锡 美食 探店／无锡 小吃"
"无锡市","2026-07-21","在无锡能开10年的奥灶面馆，老板果然有两把刷子！焖肉和爆鱼真下酒！","BV1Fz4y1z7Wp","https://www.bilibili.com/video/BV1Fz4y1z7Wp/","2023-05-30","29800","139","秦大浪vlog","1238201958","20145","2026-07-21","不通过：低于10万","B站内置浏览器：无锡 美食 探店／无锡 小吃"
"无锡市","2026-07-21","在无锡吃隆江猪脚饭，这家新店性价比很高，大口吃肉喝啤酒真巴适！","BV1uX4y1h71z","https://www.bilibili.com/video/BV1uX4y1h71z/","2023-05-25","9651","35","秦大浪vlog","1238201958","20145","2026-07-21","不通过：低于10万","B站内置浏览器：无锡 美食 探店／无锡 小吃"
"无锡市","2026-07-21","花100逛吃无锡当地各种特色小吃，玉兰饼 酱骨头 小笼等等，真的超好吃！","BV14M4y187sh","https://www.bilibili.com/video/BV14M4y187sh/","2023-04-27","12888","80","刘牛牛Moo","1050941634","148823","2026-07-21","通过：≥10万","B站内置浏览器：无锡 美食 探店／无锡 小吃"
"无锡市","2026-07-21","无锡这家桥头包浆老店，几个本帮菜相当地道，3人115元吃得真惬意！","BV1qo4y157sN","https://www.bilibili.com/video/BV1qo4y157sN/","2023-04-22","7099","29","秦大浪vlog","1238201958","20145","2026-07-21","不通过：低于10万","B站内置浏览器：无锡 美食 探店／无锡 小吃"
"无锡市","2026-07-21","无锡本地人从小吃到大的～小吃合集。","BV1Qv4y1J7df","https://www.bilibili.com/video/BV1Qv4y1J7df/","2023-04-18","9","0","这次一定一键三连","259758984","6315","2026-07-21","不通过：低于10万","B站内置浏览器：无锡 美食 探店／无锡 小吃"
"无锡市","2026-07-21","人均60+吃无锡最火的店！每道菜都非常的下饭～","BV1dM4y1C7EX","https://www.bilibili.com/video/BV1dM4y1C7EX/","2023-04-15","11855","36","刘牛牛Moo","1050941634","148823","2026-07-21","通过：≥10万","B站内置浏览器：无锡 美食 探店／无锡 小吃"
"无锡市","2026-07-21","油爆虾甜滋滋的超下饭啊！来无锡品尝盗月社同款胖妹饭店！","BV1BM4y1C75m","https://www.bilibili.com/video/BV1BM4y1C75m/","2023-04-13","7079","17","刘牛牛Moo","1050941634","148823","2026-07-21","通过：≥10万","B站内置浏览器：无锡 美食 探店／无锡 小吃"
"无锡市","2026-07-21","无锡小笼包名声在外，这家人气小吃店值得一去，两人120元吃个痛快！","BV13M4y127sc","https://www.bilibili.com/video/BV13M4y127sc/","2023-04-10","12765","69","秦大浪vlog","1238201958","20145","2026-07-21","不通过：低于10万","B站内置浏览器：无锡 美食 探店／无锡 小吃"
"无锡市","2026-07-21","都说美食藏在菜场边，无锡这家30年老店值得一去，各种小吃饱口福！","BV1yh41137R4","https://www.bilibili.com/video/BV1yh41137R4/","2023-04-02","9706","30","秦大浪vlog","1238201958","20145","2026-07-21","不通过：低于10万","B站内置浏览器：无锡 美食 探店／无锡 小吃"
"无锡市","2026-07-21","出来旅游嘛，主打一个吃 附赠一些逛｜用半天逛了惠山古镇吃了特色小吃｜无锡vlog上","BV1B84y1g7oT","https://www.bilibili.com/video/BV1B84y1g7oT/","2023-03-31","71533","272","镜子还是镜子","297059545","352463","2026-07-21","通过：≥10万","B站内置浏览器：无锡 美食 探店／无锡 小吃"
"无锡市","2026-07-21","油而不腻、肥香松脆、甜中带咸 ，无锡街边美食《鸡子大饼》","BV1us4y1U7mb","https://www.bilibili.com/video/BV1us4y1U7mb/","2023-03-29","32766","178","发现纪录","1102161724","3236","2026-07-21","不通过：低于10万","B站内置浏览器：无锡 美食 探店／无锡 小吃"
"无锡市","2026-07-21","无锡||正宗且性价比极高的广式小吃店！！老板地道的广东人","BV1hc41177rd","https://www.bilibili.com/video/BV1hc41177rd/","2023-03-24","6021","30","爱吃郭包又啊","662020919","2546","2026-07-21","不通过：低于10万","B站内置浏览器：无锡 美食 探店／无锡 小吃"
"无锡市","2026-07-21","无锡老字号小吃","BV1kk4y1t7Vu","https://www.bilibili.com/video/BV1kk4y1t7Vu/","2023-03-20","30645","85","贪吃小阿姨","1057793578","15568","2026-07-21","不通过：低于10万","B站内置浏览器：无锡 美食 探店／无锡 小吃"
"无锡市","2026-07-21","无锡｜最近值得反复去吃的小馆子｜袁老六重庆火锅｜兰居酒屋｜爱杯葡萄酒畅饮","BV1ao4y1z7dj","https://www.bilibili.com/video/BV1ao4y1z7dj/","2023-03-17","49889","192","炎炎吾","241173607","6990","2026-07-21","不通过：低于10万","B站内置浏览器：无锡 美食 探店／无锡 小吃"
"无锡市","2026-07-21","江湖菜过水鱼~在无锡就没有我不知道的苍蝇馆子！","BV1VY411z7vR","https://www.bilibili.com/video/BV1VY411z7vR/","2023-03-10","14336","64","胡子叔老李","1549844356","503","2026-07-21","不通过：低于10万","B站内置浏览器：无锡 美食 探店／无锡 小吃"
"无锡市","2026-07-21","名厨施道春先生的儿子，在无锡开了家本帮菜馆，真是个兄弟聚餐的好地方！","BV1b14y1c7DN","https://www.bilibili.com/video/BV1b14y1c7DN/","2023-02-12","9337","24","秦大浪vlog","1238201958","20145","2026-07-21","不通过：低于10万","B站内置浏览器：无锡 美食 探店／无锡 小吃"
"无锡市","2026-07-21","来无锡旅游，大量网友推荐我们来这家店吃本地菜，怎么这么火？","BV1S24y1i7fF","https://www.bilibili.com/video/BV1S24y1i7fF/","2023-02-07","16074","78","琪哥的曼生活","1730260849","27650","2026-07-21","不通过：低于10万","B站内置浏览器：无锡 美食 探店／无锡 小吃"
"无锡市","2026-07-21","无锡小吃·不能错过的当地特色小吃","BV1GT411X7vE","https://www.bilibili.com/video/BV1GT411X7vE/","2023-02-04","1421","10","老鱼炖豆付","3493122818443304","111","2026-07-21","不通过：低于10万","B站内置浏览器：无锡 美食 探店／无锡 小吃"
"无锡市","2026-07-21","年初九逛无锡鼋头渚，广福寺素斋面不能错过，20元罗汉面汤头真鲜！","BV1z84y1L7qv","https://www.bilibili.com/video/BV1z84y1L7qv/","2023-01-31","15643","79","秦大浪vlog","1238201958","20145","2026-07-21","不通过：低于10万","B站内置浏览器：无锡 美食 探店／无锡 小吃"
"无锡市","2026-07-21","无锡上马墩一家老店，面条馄饨盖浇饭一应俱全，17元一顿经济实惠！","BV1M8411G7W4","https://www.bilibili.com/video/BV1M8411G7W4/","2023-01-30","17845","119","秦大浪vlog","1238201958","20145","2026-07-21","不通过：低于10万","B站内置浏览器：无锡 美食 探店／无锡 小吃"
"无锡市","2026-07-21","无锡阳山宝藏小面馆，上年头的土灶实属少见，20元三荤两素吃过瘾！","BV1bx4y177Fr","https://www.bilibili.com/video/BV1bx4y177Fr/","2023-01-28","13391","62","秦大浪vlog","1238201958","20145","2026-07-21","不通过：低于10万","B站内置浏览器：无锡 美食 探店／无锡 小吃"
"无锡市","2026-07-21","江苏无锡八大经典美食都有哪些你知道吗？据说本地人都不知道！","BV1T24y1i7wT","https://www.bilibili.com/video/BV1T24y1i7wT/","2023-01-03","12801","81","账号已注销","1706088838","209","2026-07-21","不通过：低于10万","B站内置浏览器：无锡 美食 探店／无锡 小吃"
"无锡市","2026-07-21","无锡本帮菜第三名，二十年时间从街边小店成长为大酒楼 | 无锡美食 | 夏联福记 | 本地人推荐美食 | 本帮菜| 惠山古镇 | 无锡旅游","BV1TK411R7Lt","https://www.bilibili.com/video/BV1TK411R7Lt/","2022-11-25","42234","174","吃吃花头劲","360679770","10719","2026-07-21","不通过：低于10万","B站内置浏览器：无锡 美食 探店／无锡 小吃"
"无锡市","2026-07-21","无锡新生路的小饭店，面饭馄饨炒菜应有尽有，两人几十元吃饱喝足巴适！","BV1yg411p7S9","https://www.bilibili.com/video/BV1yg411p7S9/","2022-11-25","9876","22","秦大浪vlog","1238201958","20145","2026-07-21","不通过：低于10万","B站内置浏览器：无锡 美食 探店／无锡 小吃"
"无锡市","2026-07-21","无锡这家民宅里的本帮菜馆，到饭点座无虚席，菜量足价不高吃得爽！","BV1bP411c7bK","https://www.bilibili.com/video/BV1bP411c7bK/","2022-11-13","14257","19","秦大浪vlog","1238201958","20145","2026-07-21","不通过：低于10万","B站内置浏览器：无锡 美食 探店／无锡 小吃"
"无锡市","2026-07-21","无锡这家面馆浇头现炒，每到饭点座无虚席，今天花一百块豪横一回！","BV1sd4y1r7Ca","https://www.bilibili.com/video/BV1sd4y1r7Ca/","2022-11-05","30044","77","秦大浪vlog","1238201958","20145","2026-07-21","不通过：低于10万","B站内置浏览器：无锡 美食 探店／无锡 小吃"
"无锡市","2026-07-21","无锡天花板级老面馆，老板用心对待每个食客，好吃不贵想不火都难！","BV148411h7g6","https://www.bilibili.com/video/BV148411h7g6/","2022-11-02","61345","169","秦大浪vlog","1238201958","20145","2026-07-21","不通过：低于10万","B站内置浏览器：无锡 美食 探店／无锡 小吃"
"无锡市","2026-07-21","无锡梅村老字号面馆，红烧大肠日售上百斤，浇头花样多面汤真是鲜！","BV1CP411w7bm","https://www.bilibili.com/video/BV1CP411w7bm/","2022-11-01","22387","158","秦大浪vlog","1238201958","20145","2026-07-21","不通过：低于10万","B站内置浏览器：无锡 美食 探店／无锡 小吃"
"无锡市","2026-07-21","无锡坊前镇人气川菜馆，经营9年来好评无数，今天这桌菜下酒下饭真巴适！","BV13d4y117pR","https://www.bilibili.com/video/BV13d4y117pR/","2022-10-28","18316","126","秦大浪vlog","1238201958","20145","2026-07-21","不通过：低于10万","B站内置浏览器：无锡 美食 探店／无锡 小吃"
"无锡市","2026-07-21","无锡恒隆广场旁，有家30年老饭店生意火爆，地道本帮味半鸡是经典","BV15V4y1G7HP","https://www.bilibili.com/video/BV15V4y1G7HP/","2022-10-27","62246","249","秦大浪vlog","1238201958","20145","2026-07-21","不通过：低于10万","B站内置浏览器：无锡 美食 探店／无锡 小吃"
"无锡市","2026-07-21","要问馄饨个头哪家大，无锡这家店就是天花板，28元的全家福真过瘾！","BV1n14y157iX","https://www.bilibili.com/video/BV1n14y157iX/","2022-10-25","10654","71","秦大浪vlog","1238201958","20145","2026-07-21","不通过：低于10万","B站内置浏览器：无锡 美食 探店／无锡 小吃"
"无锡市","2026-07-21","无锡梁溪区人气私房菜，特色小肠结桌桌必点，雪菜田鸡是老法头味道！","BV1H84y1B7nY","https://www.bilibili.com/video/BV1H84y1B7nY/","2022-10-24","19233","50","秦大浪vlog","1238201958","20145","2026-07-21","不通过：低于10万","B站内置浏览器：无锡 美食 探店／无锡 小吃"
"无锡市","2026-07-21","在无锡惠山老街，品百年老菜馆地道本帮菜，梁溪脆鳝蟹粉拌面超赞","BV1RR4y197vM","https://www.bilibili.com/video/BV1RR4y197vM/","2022-10-07","11808","68","秦大浪vlog","1238201958","20145","2026-07-21","不通过：低于10万","B站内置浏览器：无锡 美食 探店／无锡 小吃"
"无锡市","2026-07-21","无锡包子舖排队王，2.5元一个一天能卖数千个，真的好吃吗？特色小吃玉兰饼，生煎馒头，鸡子大饼吃起来到底甜不甜","BV1Ue4y1r7QE","https://www.bilibili.com/video/BV1Ue4y1r7QE/","2022-10-05","571482","1566","丹牛食走起","438926406","971008","2026-07-21","通过：≥10万","B站内置浏览器：无锡 美食 探店／无锡 小吃"
"无锡市","2026-07-21","无锡前进路有家夜宵店，酸菜鱼做得很是地道，来碗汤面喝啤酒真过瘾","BV1h24y1d79g","https://www.bilibili.com/video/BV1h24y1d79g/","2022-09-18","8624","27","秦大浪vlog","1238201958","20145","2026-07-21","不通过：低于10万","B站内置浏览器：无锡 美食 探店／无锡 小吃"
"无锡市","2026-07-21","无锡非遗阳春面一碗5块吃不腻，德国小伙狂吃中国式松饼海棠糕","BV1nd4y1u7P8","https://www.bilibili.com/video/BV1nd4y1u7P8/","2022-09-15","261739","1100","德国小伙吴雨翔","296404949","589147","2026-07-21","通过：≥10万","B站内置浏览器：无锡 美食 探店／无锡 小吃"
"无锡市","2026-07-21","无锡居民楼里有家小吃，砂锅小馄饨吃出儿时味道，40元把我吃得饱饱的！","BV1jd4y1G7z9","https://www.bilibili.com/video/BV1jd4y1G7z9/","2022-08-31","4708","24","秦大浪vlog","1238201958","20145","2026-07-21","不通过：低于10万","B站内置浏览器：无锡 美食 探店／无锡 小吃"
"无锡市","2026-07-21","疫情下无锡各大菜场小吃","BV1qY4y177E3","https://www.bilibili.com/video/BV1qY4y177E3/","2022-07-13","275","2","兰云堂","1714834101","597","2026-07-21","不通过：低于10万","B站内置浏览器：无锡 美食 探店／无锡 小吃"
"无锡市","2026-07-21","无锡这家老蒸菜馆，现点现蒸江湖味十足，跟老板娘喝酒聊天很愉快","BV1aN4y1g7y3","https://www.bilibili.com/video/BV1aN4y1g7y3/","2022-07-05","6406","39","秦大浪vlog","1238201958","20145","2026-07-21","不通过：低于10万","B站内置浏览器：无锡 美食 探店／无锡 小吃"
"无锡市","2026-07-21","无锡新区红旗路上，有家地道东北菜馆，蘸酱菜拼盘有荤有素真下酒","BV17W4y1r78d","https://www.bilibili.com/video/BV17W4y1r78d/","2022-06-27","14506","28","秦大浪vlog","1238201958","20145","2026-07-21","不通过：低于10万","B站内置浏览器：无锡 美食 探店／无锡 小吃"
"无锡市","2026-07-21","无锡312国道上，有位单身老板娘摆摊卖盒饭，价格便宜干净又好吃","BV1W34y1L7XG","https://www.bilibili.com/video/BV1W34y1L7XG/","2022-06-02","20315","104","秦大浪vlog","1238201958","20145","2026-07-21","不通过：低于10万","B站内置浏览器：无锡 美食 探店／无锡 小吃"
"无锡市","2026-07-21","无锡新吴区有家酱骨自助，39.9元有酒有肉，这比自己做菜划算多了","BV1PS4y1B7QA","https://www.bilibili.com/video/BV1PS4y1B7QA/","2022-05-31","12187","51","秦大浪vlog","1238201958","20145","2026-07-21","不通过：低于10万","B站内置浏览器：无锡 美食 探店／无锡 小吃"
"无锡市","2026-07-21","无锡人气爆棚的小吃，排队一条街，3.5元一只有四种口味还有鲜肉的","BV1rU4y1y7yq","https://www.bilibili.com/video/BV1rU4y1y7yq/","2022-05-29","4351","11","小星星带你一起浪","1800593717","4349","2026-07-21","不通过：低于10万","B站内置浏览器：无锡 美食 探店／无锡 小吃"
"无锡市","2026-07-21","【靓崽探店】上海人均50元超好吃的无锡私房菜｜咸甜的人生","BV1Ub4y147NA","https://www.bilibili.com/video/BV1Ub4y147NA/","2022-02-19","22142","53","靓崽emily","410628866","1945","2026-07-21","不通过：低于10万","B站内置浏览器：无锡 美食 探店／无锡 小吃"
"无锡市","2026-07-21","早起连吃两顿无锡早餐小吃！玉兰饼 生煎 蟹粉小笼包 黑芝麻豆沙梅花糕~","BV1hr4y1676f","https://www.bilibili.com/video/BV1hr4y1676f/","2022-02-15","24183","69","柚柚还能吃亿口","631332005","29451","2026-07-21","不通过：低于10万","B站内置浏览器：无锡 美食 探店／无锡 小吃"
"无锡市","2026-07-21","无锡永乐路有家面馆，鸡汤银丝面高汤现熬，现炒猪肝现煎带鱼很赞","BV1uR4y1G73G","https://www.bilibili.com/video/BV1uR4y1G73G/","2022-01-03","14790","84","秦大浪vlog","1238201958","20145","2026-07-21","不通过：低于10万","B站内置浏览器：无锡 美食 探店／无锡 小吃"
"无锡市","2026-07-21","300年历史的梅花糕，来无锡旅游一定要吃 | 本地人推荐 | 无锡传统小吃","BV1WF411e7Cn","https://www.bilibili.com/video/BV1WF411e7Cn/","2021-10-29","5052","45","吃吃花头劲","360679770","10719","2026-07-21","不通过：低于10万","B站内置浏览器：无锡 美食 探店／无锡 小吃"
"无锡市","2026-07-21","40年点心老师傅，做传统无锡小吃，师傅坦言来南京糖要减一半","BV1AQ4y117X5","https://www.bilibili.com/video/BV1AQ4y117X5/","2021-08-26","9231","84","南京舟小九","508245489","98651","2026-07-21","不通过：低于10万","B站内置浏览器：无锡 美食 探店／无锡 小吃"
"无锡市","2026-07-21","无锡中桥有家老饭店，做肥肠面起家生意火爆，红汤阳春面鲜香味美","BV1zv411p7ei","https://www.bilibili.com/video/BV1zv411p7ei/","2021-06-16","9042","44","秦大浪vlog","1238201958","20145","2026-07-21","不通过：低于10万","B站内置浏览器：无锡 美食 探店／无锡 小吃"
"无锡市","2026-07-21","无锡中山路有所老宅，本帮菜做得很地道，喝酒吃菜听老板唱歌真爽","BV1BV41147dh","https://www.bilibili.com/video/BV1BV41147dh/","2021-06-08","2099","40","秦大浪vlog","1238201958","20145","2026-07-21","不通过：低于10万","B站内置浏览器：无锡 美食 探店／无锡 小吃"
"无锡市","2026-07-21","无锡宝藏级粤菜大排档，排队等座是日常，招牌桥底辣蟹风沙鸡好食","BV19i4y1w7Vm","https://www.bilibili.com/video/BV19i4y1w7Vm/","2021-04-12","4159","16","秦大浪vlog","1238201958","20145","2026-07-21","不通过：低于10万","B站内置浏览器：无锡 美食 探店／无锡 小吃"
"无锡市","2026-07-21","无锡菜都是甜的？探店无锡正宗平价老饭店，都是本地人天天排队","BV12A411L7Vg","https://www.bilibili.com/video/BV12A411L7Vg/","2020-10-31","56483","71","在路上的日常","9552838","2339","2026-07-21","不通过：低于10万","B站内置浏览器：无锡 美食 探店／无锡 小吃"
"无锡市","2026-07-21","探店无锡评分最高的东北菜馆！人均50吃到饱，锅包又啥的随便搞！","BV1eJ41197Nt","https://www.bilibili.com/video/BV1eJ41197Nt/","2019-11-24","13407","62","爱学习的好王野","11263788","96805","2026-07-21","不通过：低于10万","B站内置浏览器：无锡 美食 探店／无锡 小吃"
"无锡市","2026-07-21","【小猪猪逛吃无锡】三家正餐连吃！玉兰饼、炒蟹粉、响油鳝糊！过瘾！","BV1sE411h7DD","https://www.bilibili.com/video/BV1sE411h7DD/","2019-10-29","89769","134","逛吃小猪猪","110055866","463768","2026-07-21","通过：≥10万","B站内置浏览器：无锡 美食 探店／无锡 小吃"
"无锡市","2026-07-21","无锡的传统小吃老字号梅花糕，听说只有这家是正宗的，3元一个，有人一买就是20个","BV1A4411171a","https://www.bilibili.com/video/BV1A4411171a/","2019-09-06","606","4","家味美食158","28444653","142","2026-07-21","不通过：低于10万","B站内置浏览器：无锡 美食 探店／无锡 小吃"
